Camel Blue 10,23191
Camel Yellow 10,23190
Camel yellow 20,23612
Davidoff Classic,7498
Davidoff Gold,8421
Davidoff Gold Slim,19851
Delia Gold,3792
Delia Red,3786
Delia Green,3835
Gauloises red 15€,23625
Gauloises red 10,23182
Gauloises red 15,23625
Gauloises red 9,2842
Gauloises red 9 ohne,22493
Gauloises Blue 10,23181
Gauloises Blue 15,23626
"JPS red 21,50",23877
JPS red 13,23178
JPS red 10,23053
JPS Blue 10,23179
JPS Blue Ohne,23078
L&M blue 9,1117
L&M red 10,23721
L&M red 9,18772
L&M Blue 10 €,1117
L&M red 28,24334
Lucky Blue 10,23403
Lucky Red 10,23165
Lucky red 15 €,23495
Lucky Red 22 €,24130
Lucky Blue Ohne,23516
Lucky red Ohne,23515
Magnum red 8,49092
Marlboro Gold 10,23172
Marlboro Gold 12,23432
Marlboro Gold 15,23635
Marlboro Gold 20,24098
Marlboro Gold 9,104
Marlboro Mix 10,23138
Marlboro Mix 12,23866
Marlboro Mix 9,7408
Marlboro Red 9,2
Marlboro red 10,23171
Marlboro Red 12,23431
Marlboro Red 15,23634
Marlboro Red 20,24097
Marlboro Red 30,4579
Marlboro Silver Blue,20579
Marlboro White,298
Pall Mall Blue Cigarillos,19784
Pall Mall Blue 21,23673
Pall Mall Blue 10,22693
Pall Mall Red 10,22688
Paramount red 10,24188
Paramount 12,1343
"Paramount red 19,90",24189
Pueblo Classic,22741
Terea Amber,24280
Terea Sienna,24283
Terea Turqoise,24279
Terea Yellow Green,24286
Vogu blau slim,3931
Vogue Lila Slim,22956
West Red 10,23220
West Silver,23221
Winston Black 10,23124
Winston Rot 10,23228
Winston rot 10 Long,182
Winston rot 20,23614
Winston Blue 10,23189
Winston Blue 8,23193
Winston Blue 20,23745