Camel;Camel Blue 10;23191;
Camel;Camel Yellow 10;23190;
Camel;Camel yellow 20;23612;
Davidoff;Davidoff Classic;7498;
Davidoff;Davidoff Gold;8421;
Davidoff;Davidoff Gold Slim;19851;
Delia;Delia Gold;3792;
Delia;Delia Red;3786;
Delia;Delia Green;3835;
Gauloises;Gauloises red 15€;23625;
Gauloises;Gauloises red 10;23182;
Gauloises;Gauloises red 15;23625;
Gauloises;Gauloises red 9;2842;
Gauloises;Gauloises red 9 ohne;22493;
Gauloises;Gauloises Blue 10;23181;
Gauloises;Gauloises Blue 15;23626;
JPS;JPS red 21,50;23877;
JPS;JPS red 13;23178;
JPS;JPS red 10;23053;
JPS;JPS Blue 10;23179;
JPS;JPS Blue Ohne;23078;
L&M;L&M blue 9;1117;
L&M;L&M red 10;23721;
L&M;L&M red 9;18772;
L&M;L&M Blue 10 €;1117;
L&M;L&M red 28;24334;
Lucky;Lucky Blue 10;23403;
Lucky;Lucky Red 10;23165;
Lucky;Lucky red 15 €;23495;
Lucky;Lucky Red 22 €;24130;
Lucky;Lucky Blue Ohne;23516;
Lucky;Lucky red Ohne;23515;
Magnum;Magnum red 8;49092;
Marlboro;Marlboro Gold 10;23172;
Marlboro;Marlboro Gold 12;23432;
Marlboro;Marlboro Gold 15;23635;
Marlboro;Marlboro Gold 20;24098;
Marlboro;Marlboro Gold 9;104;
Marlboro;Marlboro Mix 10;23138;
Marlboro;Marlboro Mix 12;23866;
Marlboro;Marlboro Mix 9;7408;
Marlboro;Marlboro Red 9;2;
Marlboro;Marlboro red 10;23171;
Marlboro;Marlboro Red 12;23431;
Marlboro;Marlboro Red 15;23634;
Marlboro;Marlboro Red 20;24097;
Marlboro;Marlboro Red 30;4579;
Marlboro;Marlboro Silver Blue;20579;
Marlboro;Marlboro White;298;
Pall;Pall Mall Blue Cigarillos;19784;
Pall;Pall Mall Blue 21;23673;
Pall;Pall Mall Blue 10;22693;
Pall;Pall Mall Red 10;22688;
Paramount;Paramount red 10;24188;
Paramount;Paramount 12;1343;
Paramount;Paramount red 19,90;24189;
Pueblo;Pueblo Classic;22741;
Terea;Terea Amber;24280;
Terea;Terea Sienna;24283;
Terea;Terea Turqoise;24279;
Terea;Terea Yellow Green;24286;
Vogu;Vogu blau slim;3931;
Vogue;Vogue Lila Slim;22956;
West;West Red 10;23220;
West;West Silver;23221;
Winston;Winston Black 10;23124;
Winston;Winston Rot 10;23228;
Winston;Winston rot 10 Long;182;
Winston;Winston rot 20;23614;
Winston;Winston Blue 10;23189;
Winston;Winston Blue 8;23193;
Winston;Winston Blue 20;23745;